Time,Bucket,Size (GB)
2025-09-29 13:54:11.242078,test04,0.173828125
2025-09-29 13:54:11.242078,test05,0.3203125
2025-09-29 13:54:11.242078,test06,0.5
2025-09-29 13:54:11.242078,test1,0.48828125
2025-09-29 13:54:11.242078,test13,0.146484375
2025-09-29 13:54:11.242078,test14,0.048828125
2025-09-29 13:54:11.242078,test15,0.244140625
2025-09-29 13:54:11.242078,test2,0.244140625
2025-09-29 13:54:11.242078,test3,0.244140625
2025-09-29 13:54:11.242078,test4,0.1953125
2025-09-29 13:54:41.193140,test04,0.173828125
2025-09-29 13:54:41.193140,test05,0.3203125
2025-09-29 13:54:41.193140,test06,0.5
2025-09-29 13:54:41.193140,test13,0.146484375
2025-09-29 13:54:41.193140,test14,0.048828125
2025-09-29 13:54:41.193140,test15,0.244140625
2025-09-29 13:54:41.193140,test2,0.244140625
2025-09-29 13:54:41.193140,test3,0.244140625
2025-09-29 13:54:41.193140,test4,0.1953125
2025-09-29 13:55:42.182864,test04,0.173828125
2025-09-29 13:55:42.182864,test05,0.3203125
2025-09-29 13:55:42.182864,test06,0.5
2025-09-29 13:55:42.182864,test13,0.146484375
2025-09-29 13:55:42.182864,test14,0.048828125
2025-09-29 13:55:42.182864,test15,0.244140625
2025-09-29 14:48:21.987331,test01,0.0
2025-09-29 14:48:29.062247,test01,0.0
2025-09-29 14:48:54.061487,test01,0.0
2025-09-29 14:48:58.578724,test01,0.0
2025-09-29 14:49:24.059955,test01,0.0
2025-09-29 14:49:29.057897,test01,0.0
2025-09-29 14:49:54.062717,test01,0.0
2025-09-29 14:49:59.062639,test01,0.0
2025-09-29 14:50:24.065793,test01,0.0
2025-09-29 14:50:29.053141,test01,0.0
2025-09-29 14:50:54.061586,test01,0.0
2025-09-29 14:50:54.565396,test01,0.0
2025-09-29 14:50:58.419386,test01,0.0
2025-09-29 14:51:00.039980,test01,0.0
2025-09-29 14:51:24.066562,test01,0.0
2025-09-29 14:51:26.061999,test01,0.0
2025-09-29 14:51:54.067588,test01,0.0
2025-09-29 14:51:55.337215,test01,0.0
2025-09-29 14:52:24.060933,test01,0.0
2025-09-29 14:52:26.066198,test01,0.0
2025-09-29 14:52:54.063438,test01,0.0
2025-09-29 14:52:56.058230,test01,0.0
2025-09-29 14:53:26.057012,test01,0.0
2025-09-29 14:53:45.053414,test01,0.0
2025-09-29 14:53:56.052035,test01,0.0
2025-09-29 14:54:19.234357,test01,0.0
2025-09-29 14:54:21.321600,test01,0.0
2025-09-29 14:54:52.306564,test01,0.0
2025-09-29 14:55:08.386360,test01,0.048828125
2025-09-29 14:55:26.324936,test01,0.09765625
2025-09-29 14:55:42.604292,test01,0.146484375
2025-09-29 14:55:52.414927,test01,0.1953125
2025-09-29 14:55:58.240739,test01,0.1953125
2025-09-29 14:56:03.022739,test01,0.244140625
2025-09-29 14:56:21.534200,test01,0.244140625
2025-09-29 14:56:21.534200,test02,0.0
2025-09-29 14:56:51.999032,test01,0.244140625
2025-09-29 14:56:51.999032,test02,0.0
2025-09-29 14:56:51.999032,test03,0.0
2025-09-29 14:56:51.999032,test04,0.0
2025-09-29 14:56:51.999032,test05,0.0
2025-09-29 14:56:51.999032,test06,0.0
2025-09-29 14:57:20.036337,test01,0.244140625
2025-09-29 14:57:20.036337,test02,0.0
2025-09-29 14:57:20.036337,test03,0.0
2025-09-29 14:57:20.036337,test04,0.0
2025-09-29 14:57:20.036337,test05,0.0
2025-09-29 14:57:20.036337,test06,0.0
2025-09-29 14:57:20.036337,test07,0.0
2025-09-29 14:57:28.497133,test01,0.244140625
2025-09-29 14:57:28.497133,test02,0.0
2025-09-29 14:57:28.497133,test03,0.0
2025-09-29 14:57:28.497133,test04,0.0
2025-09-29 14:57:28.497133,test05,0.0
2025-09-29 14:57:28.497133,test06,0.0
2025-09-29 14:57:28.497133,test07,0.0
2025-09-29 14:57:59.569736,test01,0.244140625
2025-09-29 14:57:59.569736,test02,0.048828125
2025-09-29 14:57:59.569736,test03,0.0
2025-09-29 14:57:59.569736,test04,0.0
2025-09-29 14:57:59.569736,test05,0.0
2025-09-29 14:57:59.569736,test06,0.0
2025-09-29 14:57:59.569736,test07,0.0
2025-09-29 14:58:10.635862,test01,0.244140625
2025-09-29 14:58:10.635862,test02,0.09765625
2025-09-29 14:58:10.635862,test03,0.0
2025-09-29 14:58:10.635862,test04,0.0
2025-09-29 14:58:10.635862,test05,0.0
2025-09-29 14:58:10.635862,test06,0.0
2025-09-29 14:58:10.635862,test07,0.0
2025-09-29 14:58:41.382739,test01,0.244140625
2025-09-29 14:58:41.382739,test02,0.244140625
2025-09-29 14:58:41.382739,test03,0.0
2025-09-29 14:58:41.382739,test04,0.0
2025-09-29 14:58:41.382739,test05,0.0
2025-09-29 14:58:41.382739,test06,0.0
2025-09-29 14:58:41.382739,test07,0.0
2025-09-29 14:59:12.123355,test01,0.244140625
2025-09-29 14:59:12.123355,test02,0.244140625
2025-09-29 14:59:12.123355,test03,0.0
2025-09-29 14:59:12.123355,test04,0.0
2025-09-29 14:59:12.123355,test05,0.0
2025-09-29 14:59:12.123355,test06,0.0
2025-09-29 14:59:12.123355,test07,0.0
2025-09-29 14:59:41.399154,test01,0.244140625
2025-09-29 14:59:41.399154,test02,0.244140625
2025-09-29 14:59:41.399154,test03,0.0
2025-09-29 14:59:41.399154,test04,0.0
2025-09-29 14:59:41.399154,test05,0.0
2025-09-29 14:59:41.399154,test06,0.0
2025-09-29 14:59:41.399154,test07,0.0
2025-09-29 15:00:01.597067,test01,0.244140625
2025-09-29 15:00:01.597067,test02,0.244140625
2025-09-29 15:00:01.597067,test03,0.09765625
2025-09-29 15:00:01.597067,test04,0.0
2025-09-29 15:00:01.597067,test05,0.0
2025-09-29 15:00:01.597067,test06,0.0
2025-09-29 15:00:01.597067,test07,0.0
2025-09-29 15:00:12.120916,test01,0.244140625
2025-09-29 15:00:12.120916,test02,0.244140625
2025-09-29 15:00:12.120916,test03,0.146484375
2025-09-29 15:00:12.120916,test04,0.0
2025-09-29 15:00:12.120916,test05,0.0
2025-09-29 15:00:12.120916,test06,0.0
2025-09-29 15:00:12.120916,test07,0.0
2025-09-29 15:00:21.539421,test01,0.244140625
2025-09-29 15:00:21.539421,test02,0.244140625
2025-09-29 15:00:21.539421,test03,0.146484375
2025-09-29 15:00:21.539421,test04,0.0
2025-09-29 15:00:21.539421,test05,0.0
2025-09-29 15:00:21.539421,test06,0.0
2025-09-29 15:00:21.539421,test07,0.0
2025-09-29 15:00:52.465159,test01,0.244140625
2025-09-29 15:00:52.465159,test02,0.244140625
2025-09-29 15:00:52.465159,test03,0.244140625
2025-09-29 15:00:52.465159,test04,0.0
2025-09-29 15:00:52.465159,test05,0.0
2025-09-29 15:00:52.465159,test06,0.0
2025-09-29 15:00:52.465159,test07,0.0
2025-09-29 15:01:22.476434,test01,0.244140625
2025-09-29 15:01:22.476434,test02,0.244140625
2025-09-29 15:01:22.476434,test03,0.244140625
2025-09-29 15:01:22.476434,test04,0.048828125
2025-09-29 15:01:22.476434,test05,0.09765625
2025-09-29 15:01:22.476434,test06,0.0
2025-09-29 15:01:22.476434,test07,0.0
2025-09-29 15:01:35.159958,test01,0.244140625
2025-09-29 15:01:35.159958,test02,0.244140625
2025-09-29 15:01:35.159958,test03,0.244140625
2025-09-29 15:01:35.159958,test04,0.048828125
2025-09-29 15:01:35.159958,test05,0.146484375
2025-09-29 15:01:35.159958,test06,0.0
2025-09-29 15:01:35.159958,test07,0.0
2025-09-29 15:02:06.136928,test01,0.244140625
2025-09-29 15:02:06.136928,test02,0.244140625
2025-09-29 15:02:06.136928,test03,0.244140625
2025-09-29 15:02:06.136928,test04,0.048828125
2025-09-29 15:02:06.136928,test05,0.146484375
2025-09-29 15:02:06.136928,test06,0.0
2025-09-29 15:02:06.136928,test07,0.0
2025-09-29 15:02:36.126020,test01,0.244140625
2025-09-29 15:02:36.126020,test02,0.244140625
2025-09-29 15:02:36.126020,test03,0.244140625
2025-09-29 15:02:36.126020,test04,0.048828125
2025-09-29 15:02:36.126020,test05,0.146484375
2025-09-29 15:02:36.126020,test06,0.0
2025-09-29 15:02:36.126020,test07,0.0
2025-09-29 15:02:40.512386,test01,0.244140625
2025-09-29 15:02:40.512386,test02,0.244140625
2025-09-29 15:02:40.512386,test03,0.244140625
2025-09-29 15:02:40.512386,test04,0.048828125
2025-09-29 15:02:40.512386,test05,0.146484375
2025-09-29 15:02:40.512386,test06,0.0
2025-09-29 15:02:40.512386,test07,0.0
2025-09-29 15:03:12.127669,test01,0.244140625
2025-09-29 15:03:12.127669,test02,0.244140625
2025-09-29 15:03:12.127669,test03,0.244140625
2025-09-29 15:03:12.127669,test04,0.048828125
2025-09-29 15:03:12.127669,test05,0.146484375
2025-09-29 15:03:12.127669,test06,0.0
2025-09-29 15:03:12.127669,test07,0.0
2025-09-29 15:03:17.617649,test01,0.244140625
2025-09-29 15:03:17.617649,test02,0.244140625
2025-09-29 15:03:17.617649,test03,0.244140625
2025-09-29 15:03:17.617649,test04,0.048828125
2025-09-29 15:03:17.617649,test05,0.146484375
2025-09-29 15:03:17.617649,test06,0.0
2025-09-29 15:03:17.617649,test07,0.0
2025-09-29 15:03:32.602742,test01,0.244140625
2025-09-29 15:03:32.602742,test02,0.244140625
2025-09-29 15:03:32.602742,test03,0.244140625
2025-09-29 15:03:32.602742,test04,0.048828125
2025-09-29 15:03:32.602742,test05,0.146484375
2025-09-29 15:03:32.602742,test06,0.0
2025-09-29 15:03:32.602742,test07,0.0
2025-09-29 15:03:45.634433,test01,0.244140625
2025-09-29 15:03:45.634433,test02,0.244140625
2025-09-29 15:03:45.634433,test03,0.244140625
2025-09-29 15:03:45.634433,test04,0.048828125
2025-09-29 15:03:45.634433,test05,0.146484375
2025-09-29 15:03:45.634433,test06,0.0
2025-09-29 15:03:45.634433,test07,0.0
2025-09-29 15:04:17.130357,test01,0.244140625
2025-09-29 15:04:17.130357,test02,0.244140625
2025-09-29 15:04:17.130357,test03,0.244140625
2025-09-29 15:04:17.130357,test04,0.048828125
2025-09-29 15:04:17.130357,test05,0.146484375
2025-09-29 15:04:17.130357,test06,0.0
2025-09-29 15:04:17.130357,test07,0.0
2025-09-29 15:04:47.196381,test01,0.244140625
2025-09-29 15:04:47.196381,test02,0.244140625
2025-09-29 15:04:47.196381,test03,0.244140625
2025-09-29 15:04:47.196381,test04,0.048828125
2025-09-29 15:04:47.196381,test05,0.146484375
2025-09-29 15:04:47.196381,test06,0.0
2025-09-29 15:04:47.196381,test07,0.0
2025-09-29 15:05:17.130685,test01,0.244140625
2025-09-29 15:05:17.130685,test02,0.244140625
2025-09-29 15:05:17.130685,test03,0.244140625
2025-09-29 15:05:17.130685,test04,0.048828125
2025-09-29 15:05:17.130685,test05,0.146484375
2025-09-29 15:05:17.130685,test06,0.0
2025-09-29 15:05:17.130685,test07,0.0
2025-09-29 15:05:47.218609,test01,0.244140625
2025-09-29 15:05:47.218609,test02,0.244140625
2025-09-29 15:05:47.218609,test03,0.244140625
2025-09-29 15:05:47.218609,test04,0.048828125
2025-09-29 15:05:47.218609,test05,0.146484375
2025-09-29 15:05:47.218609,test06,0.0
2025-09-29 15:05:47.218609,test07,0.0
2025-09-29 15:06:16.206153,test01,0.244140625
2025-09-29 15:06:16.206153,test02,0.244140625
2025-09-29 15:06:16.206153,test03,0.244140625
2025-09-29 15:06:16.206153,test04,0.048828125
2025-09-29 15:06:16.206153,test05,0.146484375
2025-09-29 15:06:16.206153,test06,0.0
2025-09-29 15:06:16.206153,test07,0.0
2025-09-29 15:06:47.138025,test01,0.244140625
2025-09-29 15:06:47.138025,test02,0.244140625
2025-09-29 15:06:47.138025,test03,0.244140625
2025-09-29 15:06:47.138025,test04,0.048828125
2025-09-29 15:06:47.138025,test05,0.146484375
2025-09-29 15:06:47.138025,test06,0.0
2025-09-29 15:06:47.138025,test07,0.0
2025-09-29 15:07:16.180294,test01,0.244140625
2025-09-29 15:07:16.180294,test02,0.244140625
2025-09-29 15:07:16.180294,test03,0.244140625
2025-09-29 15:07:16.180294,test04,0.048828125
2025-09-29 15:07:16.180294,test05,0.146484375
2025-09-29 15:07:16.180294,test06,0.0
2025-09-29 15:07:16.180294,test07,0.0
2025-09-29 15:07:47.183224,test01,0.244140625
2025-09-29 15:07:47.183224,test02,0.244140625
2025-09-29 15:07:47.183224,test03,0.244140625
2025-09-29 15:07:47.183224,test04,0.048828125
2025-09-29 15:07:47.183224,test05,0.146484375
2025-09-29 15:07:47.183224,test06,0.0
2025-09-29 15:07:47.183224,test07,0.0
2025-09-29 15:08:17.239331,test01,0.244140625
2025-09-29 15:08:17.239331,test02,0.244140625
2025-09-29 15:08:17.239331,test03,0.244140625
2025-09-29 15:08:17.239331,test04,0.048828125
2025-09-29 15:08:17.239331,test05,0.146484375
2025-09-29 15:08:17.239331,test06,0.0
2025-09-29 15:08:17.239331,test07,0.0
2025-09-29 15:08:40.094322,test01,0.244140625
2025-09-29 15:08:40.094322,test02,0.244140625
2025-09-29 15:08:40.094322,test03,0.244140625
2025-09-29 15:08:40.094322,test04,0.048828125
2025-09-29 15:08:40.094322,test05,0.146484375
2025-09-29 15:08:40.094322,test06,0.0
2025-09-29 15:08:40.094322,test07,0.0
2025-09-29 15:09:11.331649,test01,0.244140625
2025-09-29 15:09:11.331649,test02,0.244140625
2025-09-29 15:09:11.331649,test03,0.244140625
2025-09-29 15:09:11.331649,test04,0.048828125
2025-09-29 15:09:11.331649,test05,0.146484375
2025-09-29 15:09:11.331649,test06,0.0
2025-09-29 15:09:11.331649,test07,0.0
2025-09-29 15:09:15.555307,test01,0.244140625
2025-09-29 15:09:15.555307,test02,0.244140625
2025-09-29 15:09:15.555307,test03,0.244140625
2025-09-29 15:09:15.555307,test04,0.048828125
2025-09-29 15:09:15.555307,test05,0.146484375
2025-09-29 15:09:15.555307,test06,0.0
2025-09-29 15:09:15.555307,test07,0.0
2025-09-29 15:09:46.874914,test01,0.244140625
2025-09-29 15:09:46.874914,test02,0.244140625
2025-09-29 15:09:46.874914,test03,0.244140625
2025-09-29 15:09:46.874914,test04,0.048828125
2025-09-29 15:09:46.874914,test05,0.146484375
2025-09-29 15:09:46.874914,test06,0.0
2025-09-29 15:09:46.874914,test07,0.0
2025-09-29 15:10:17.126583,test01,0.244140625
2025-09-29 15:10:17.126583,test02,0.244140625
2025-09-29 15:10:17.126583,test03,0.244140625
2025-09-29 15:10:17.126583,test04,0.048828125
2025-09-29 15:10:17.126583,test05,0.146484375
2025-09-29 15:10:17.126583,test06,0.0
2025-09-29 15:10:17.126583,test07,0.0
2025-09-29 15:10:47.175732,test01,0.244140625
2025-09-29 15:10:47.175732,test02,0.244140625
2025-09-29 15:10:47.175732,test03,0.244140625
2025-09-29 15:10:47.175732,test04,0.048828125
2025-09-29 15:10:47.175732,test05,0.146484375
2025-09-29 15:10:47.175732,test06,0.0
2025-09-29 15:10:47.175732,test07,0.0
2025-09-29 15:11:02.398942,test01,0.244140625
2025-09-29 15:11:02.398942,test02,0.244140625
2025-09-29 15:11:02.398942,test03,0.244140625
2025-09-29 15:11:02.398942,test04,0.048828125
2025-09-29 15:11:02.398942,test05,0.146484375
2025-09-29 15:11:02.398942,test06,0.0
2025-09-29 15:11:02.398942,test07,0.0
2025-09-29 15:11:18.790264,test01,0.244140625
2025-09-29 15:11:18.790264,test02,0.244140625
2025-09-29 15:11:18.790264,test03,0.244140625
2025-09-29 15:11:18.790264,test04,0.048828125
2025-09-29 15:11:18.790264,test05,0.146484375
2025-09-29 15:11:18.790264,test06,0.0
2025-09-29 15:11:18.790264,test07,0.0
2025-09-29 15:11:49.570154,test01,0.244140625
2025-09-29 15:11:49.570154,test02,0.244140625
2025-09-29 15:11:49.570154,test03,0.244140625
2025-09-29 15:11:49.570154,test04,0.048828125
2025-09-29 15:11:49.570154,test05,0.146484375
2025-09-29 15:11:49.570154,test06,0.0
2025-09-29 15:11:49.570154,test07,0.0
2025-09-29 15:12:19.558741,test01,0.244140625
2025-09-29 15:12:19.558741,test02,0.244140625
2025-09-29 15:12:19.558741,test03,0.244140625
2025-09-29 15:12:19.558741,test04,0.048828125
2025-09-29 15:12:19.558741,test05,0.146484375
2025-09-29 15:12:19.558741,test06,0.0
2025-09-29 15:12:19.558741,test07,0.0
2025-09-29 15:12:49.589539,test01,0.244140625
2025-09-29 15:12:49.589539,test02,0.244140625
2025-09-29 15:12:49.589539,test03,0.244140625
2025-09-29 15:12:49.589539,test04,0.048828125
2025-09-29 15:12:49.589539,test05,0.146484375
2025-09-29 15:12:49.589539,test06,0.0
2025-09-29 15:12:49.589539,test07,0.0
2025-09-29 15:13:19.554612,test01,0.244140625
2025-09-29 15:13:19.554612,test02,0.244140625
2025-09-29 15:13:19.554612,test03,0.244140625
2025-09-29 15:13:19.554612,test04,0.048828125
2025-09-29 15:13:19.554612,test05,0.146484375
2025-09-29 15:13:19.554612,test06,0.0
2025-09-29 15:13:19.554612,test07,0.0
2025-09-29 15:14:10.981718,test01,0.244140625
2025-09-29 15:14:10.981718,test02,0.244140625
2025-09-29 15:14:10.981718,test03,0.244140625
2025-09-29 15:14:10.981718,test04,0.048828125
2025-09-29 15:14:10.981718,test05,0.146484375
2025-09-29 15:14:10.981718,test06,0.0
2025-09-29 15:14:10.981718,test07,0.0
2025-09-29 15:14:40.961567,test01,0.244140625
2025-09-29 15:14:40.961567,test02,0.244140625
2025-09-29 15:14:40.961567,test03,0.244140625
2025-09-29 15:14:40.961567,test04,0.048828125
2025-09-29 15:14:40.961567,test05,0.146484375
2025-09-29 15:14:40.961567,test06,0.0
2025-09-29 15:14:40.961567,test07,0.0
2025-09-29 15:15:10.968748,test01,0.244140625
2025-09-29 15:15:10.968748,test02,0.244140625
2025-09-29 15:15:10.968748,test03,0.244140625
2025-09-29 15:15:10.968748,test04,0.048828125
2025-09-29 15:15:10.968748,test05,0.146484375
2025-09-29 15:15:10.968748,test06,0.0
2025-09-29 15:15:10.968748,test07,0.0
2025-09-29 15:15:40.955952,test01,0.244140625
2025-09-29 15:15:40.955952,test02,0.244140625
2025-09-29 15:15:40.955952,test03,0.244140625
2025-09-29 15:15:40.955952,test04,0.048828125
2025-09-29 15:15:40.955952,test05,0.146484375
2025-09-29 15:15:40.955952,test06,0.0
2025-09-29 15:15:40.955952,test07,0.0
2025-09-29 15:16:10.966893,test01,0.244140625
2025-09-29 15:16:10.966893,test02,0.244140625
2025-09-29 15:16:10.966893,test03,0.244140625
2025-09-29 15:16:10.966893,test04,0.048828125
2025-09-29 15:16:10.966893,test05,0.146484375
2025-09-29 15:16:10.966893,test06,0.0
2025-09-29 15:16:10.966893,test07,0.0
2025-09-29 15:16:40.954163,test01,0.244140625
2025-09-29 15:16:40.954163,test02,0.244140625
2025-09-29 15:16:40.954163,test03,0.244140625
2025-09-29 15:16:40.954163,test04,0.048828125
2025-09-29 15:16:40.954163,test05,0.146484375
2025-09-29 15:16:40.954163,test06,0.0
2025-09-29 15:16:40.954163,test07,0.0
2025-09-29 15:17:10.962201,test01,0.244140625
2025-09-29 15:17:10.962201,test02,0.244140625
2025-09-29 15:17:10.962201,test03,0.244140625
2025-09-29 15:17:10.962201,test04,0.048828125
2025-09-29 15:17:10.962201,test05,0.146484375
2025-09-29 15:17:10.962201,test06,0.0
2025-09-29 15:17:10.962201,test07,0.0
2025-09-29 15:17:40.971859,test01,0.244140625
2025-09-29 15:17:40.971859,test02,0.244140625
2025-09-29 15:17:40.971859,test03,0.244140625
2025-09-29 15:17:40.971859,test04,0.048828125
2025-09-29 15:17:40.971859,test05,0.146484375
2025-09-29 15:17:40.971859,test06,0.0
2025-09-29 15:17:40.971859,test07,0.0
2025-09-29 15:18:10.960547,test01,0.244140625
2025-09-29 15:18:10.960547,test02,0.244140625
2025-09-29 15:18:10.960547,test03,0.244140625
2025-09-29 15:18:10.960547,test04,0.048828125
2025-09-29 15:18:10.960547,test05,0.146484375
2025-09-29 15:18:10.960547,test06,0.0
2025-09-29 15:18:10.960547,test07,0.0
2025-09-29 15:18:40.965680,test01,0.244140625
2025-09-29 15:18:40.965680,test02,0.244140625
2025-09-29 15:18:40.965680,test03,0.244140625
2025-09-29 15:18:40.965680,test04,0.048828125
2025-09-29 15:18:40.965680,test05,0.146484375
2025-09-29 15:18:40.965680,test06,0.0
2025-09-29 15:18:40.965680,test07,0.0
2025-09-29 15:19:10.979413,test01,0.244140625
2025-09-29 15:19:10.979413,test02,0.244140625
2025-09-29 15:19:10.979413,test03,0.244140625
2025-09-29 15:19:10.979413,test04,0.048828125
2025-09-29 15:19:10.979413,test05,0.146484375
2025-09-29 15:19:10.979413,test06,0.0
2025-09-29 15:19:10.979413,test07,0.0
2025-09-29 15:19:40.955015,test01,0.244140625
2025-09-29 15:19:40.955015,test02,0.244140625
2025-09-29 15:19:40.955015,test03,0.244140625
2025-09-29 15:19:40.955015,test04,0.048828125
2025-09-29 15:19:40.955015,test05,0.146484375
2025-09-29 15:19:40.955015,test06,0.0
2025-09-29 15:19:40.955015,test07,0.0
2025-09-29 15:20:10.975683,test01,0.244140625
2025-09-29 15:20:10.975683,test02,0.244140625
2025-09-29 15:20:10.975683,test03,0.244140625
2025-09-29 15:20:10.975683,test04,0.048828125
2025-09-29 15:20:10.975683,test05,0.146484375
2025-09-29 15:20:10.975683,test06,0.0
2025-09-29 15:20:10.975683,test07,0.0
2025-09-29 15:20:40.967257,test01,0.244140625
2025-09-29 15:20:40.967257,test02,0.244140625
2025-09-29 15:20:40.967257,test03,0.244140625
2025-09-29 15:20:40.967257,test04,0.048828125
2025-09-29 15:20:40.967257,test05,0.146484375
2025-09-29 15:20:40.967257,test06,0.0
2025-09-29 15:20:40.967257,test07,0.0
2025-09-29 15:21:10.982277,test01,0.244140625
2025-09-29 15:21:10.982277,test02,0.244140625
2025-09-29 15:21:10.982277,test03,0.244140625
2025-09-29 15:21:10.982277,test04,0.048828125
2025-09-29 15:21:10.982277,test05,0.146484375
2025-09-29 15:21:10.982277,test06,0.0
2025-09-29 15:21:10.982277,test07,0.0
2025-09-29 15:21:36.700728,test01,0.244140625
2025-09-29 15:21:36.700728,test02,0.244140625
2025-09-29 15:21:36.700728,test03,0.244140625
2025-09-29 15:21:36.700728,test04,0.048828125
2025-09-29 15:21:36.700728,test05,0.146484375
2025-09-29 15:21:36.700728,test06,0.0
2025-09-29 15:21:36.700728,test07,0.0
2025-09-29 15:21:53.118402,test01,0.244140625
2025-09-29 15:21:53.118402,test02,0.244140625
2025-09-29 15:21:53.118402,test03,0.244140625
2025-09-29 15:21:53.118402,test04,0.048828125
2025-09-29 15:21:53.118402,test05,0.146484375
2025-09-29 15:21:53.118402,test06,0.0
2025-09-29 15:21:53.118402,test07,0.0
2025-09-29 15:21:57.982799,test01,0.244140625
2025-09-29 15:21:57.982799,test02,0.244140625
2025-09-29 15:21:57.982799,test03,0.244140625
2025-09-29 15:21:57.982799,test04,0.048828125
2025-09-29 15:21:57.982799,test05,0.146484375
2025-09-29 15:21:57.982799,test06,0.0
2025-09-29 15:21:57.982799,test07,0.0
2025-09-29 15:22:08.555325,test01,0.244140625
2025-09-29 15:22:08.555325,test02,0.244140625
2025-09-29 15:22:08.555325,test03,0.244140625
2025-09-29 15:22:08.555325,test04,0.048828125
2025-09-29 15:22:08.555325,test05,0.146484375
2025-09-29 15:22:08.555325,test06,0.0
2025-09-29 15:22:08.555325,test07,0.0
2025-09-29 15:22:14.062677,test01,0.244140625
2025-09-29 15:22:14.062677,test02,0.244140625
2025-09-29 15:22:14.062677,test03,0.244140625
2025-09-29 15:22:14.062677,test04,0.048828125
2025-09-29 15:22:14.062677,test05,0.146484375
2025-09-29 15:22:14.062677,test06,0.0
2025-09-29 15:22:14.062677,test07,0.0
2025-09-29 15:22:23.865193,test01,0.244140625
2025-09-29 15:22:23.865193,test02,0.244140625
2025-09-29 15:22:23.865193,test03,0.244140625
2025-09-29 15:22:23.865193,test04,0.048828125
2025-09-29 15:22:23.865193,test05,0.146484375
2025-09-29 15:22:23.865193,test06,0.0
2025-09-29 15:22:23.865193,test07,0.0
2025-09-29 15:22:53.859507,test01,0.244140625
2025-09-29 15:22:53.859507,test02,0.244140625
2025-09-29 15:22:53.859507,test03,0.244140625
2025-09-29 15:22:53.859507,test04,0.048828125
2025-09-29 15:22:53.859507,test05,0.146484375
2025-09-29 15:22:53.859507,test06,0.0
2025-09-29 15:22:53.859507,test07,0.0
2025-09-29 15:23:06.090288,test01,0.244140625
2025-09-29 15:23:06.090288,test02,0.244140625
2025-09-29 15:23:06.090288,test03,0.244140625
2025-09-29 15:23:06.090288,test04,0.048828125
2025-09-29 15:23:06.090288,test05,0.146484375
2025-09-29 15:23:06.090288,test06,0.0
2025-09-29 15:23:06.090288,test07,0.0
2025-09-29 15:23:13.088506,test01,0.244140625
2025-09-29 15:23:13.088506,test02,0.244140625
2025-09-29 15:23:13.088506,test03,0.244140625
2025-09-29 15:23:13.088506,test04,0.048828125
2025-09-29 15:23:13.088506,test05,0.146484375
2025-09-29 15:23:13.088506,test06,0.0
2025-09-29 15:23:13.088506,test07,0.0
2025-09-29 15:23:23.859657,test01,0.244140625
2025-09-29 15:23:23.859657,test02,0.244140625
2025-09-29 15:23:23.859657,test03,0.244140625
2025-09-29 15:23:23.859657,test04,0.048828125
2025-09-29 15:23:23.859657,test05,0.146484375
2025-09-29 15:23:23.859657,test06,0.0
2025-09-29 15:23:23.859657,test07,0.0
2025-09-29 15:23:38.245965,test01,0.244140625
2025-09-29 15:23:38.245965,test02,0.244140625
2025-09-29 15:23:38.245965,test03,0.244140625
2025-09-29 15:23:38.245965,test04,0.048828125
2025-09-29 15:23:38.245965,test05,0.146484375
2025-09-29 15:23:38.245965,test06,0.0
2025-09-29 15:23:38.245965,test07,0.0
2025-09-29 15:23:54.151051,test01,0.244140625
2025-09-29 15:23:54.151051,test02,0.244140625
2025-09-29 15:23:54.151051,test03,0.244140625
2025-09-29 15:23:54.151051,test04,0.048828125
2025-09-29 15:23:54.151051,test05,0.146484375
2025-09-29 15:23:54.151051,test06,0.0
2025-09-29 15:23:54.151051,test07,0.0
2025-09-29 15:24:24.190731,test01,0.244140625
2025-09-29 15:24:24.190731,test02,0.244140625
2025-09-29 15:24:24.190731,test03,0.244140625
2025-09-29 15:24:24.190731,test04,0.048828125
2025-09-29 15:24:24.190731,test05,0.146484375
2025-09-29 15:24:24.190731,test06,0.0
2025-09-29 15:24:24.190731,test07,0.0
2025-09-29 15:24:54.194759,test01,0.244140625
2025-09-29 15:24:54.194759,test02,0.244140625
2025-09-29 15:24:54.194759,test03,0.244140625
2025-09-29 15:24:54.194759,test04,0.048828125
2025-09-29 15:24:54.194759,test05,0.146484375
2025-09-29 15:24:54.194759,test06,0.0
2025-09-29 15:24:54.194759,test07,0.0
2025-09-29 15:25:24.186413,test01,0.244140625
2025-09-29 15:25:24.186413,test02,0.244140625
2025-09-29 15:25:24.186413,test03,0.244140625
2025-09-29 15:25:24.186413,test04,0.048828125
2025-09-29 15:25:24.186413,test05,0.146484375
2025-09-29 15:25:24.186413,test06,0.0
2025-09-29 15:25:24.186413,test07,0.0
2025-09-29 15:26:25.181909,test01,0.244140625
2025-09-29 15:26:25.181909,test02,0.244140625
2025-09-29 15:26:25.181909,test03,0.244140625
2025-09-29 15:26:25.181909,test04,0.048828125
2025-09-29 15:26:25.181909,test05,0.146484375
2025-09-29 15:26:25.181909,test06,0.0
2025-09-29 15:26:25.181909,test07,0.0
2025-09-29 15:27:11.917834,test01,0.244140625
2025-09-29 15:27:11.917834,test02,0.244140625
2025-09-29 15:27:11.917834,test03,0.244140625
2025-09-29 15:27:11.917834,test04,0.048828125
2025-09-29 15:27:11.917834,test05,0.146484375
2025-09-29 15:27:11.917834,test06,0.0
2025-09-29 15:27:11.917834,test07,0.0
2025-09-29 15:27:20.774792,test01,0.244140625
2025-09-29 15:27:20.774792,test02,0.244140625
2025-09-29 15:27:20.774792,test03,0.244140625
2025-09-29 15:27:20.774792,test04,0.048828125
2025-09-29 15:27:20.774792,test05,0.146484375
2025-09-29 15:27:20.774792,test06,0.0
2025-09-29 15:27:20.774792,test07,0.0
2025-09-29 15:27:32.467801,test01,0.244140625
2025-09-29 15:27:32.467801,test02,0.244140625
2025-09-29 15:27:32.467801,test03,0.244140625
2025-09-29 15:27:32.467801,test04,0.048828125
2025-09-29 15:27:32.467801,test05,0.146484375
2025-09-29 15:27:32.467801,test06,0.0
2025-09-29 15:27:32.467801,test07,0.0
2025-09-29 15:27:42.282460,test01,0.244140625
2025-09-29 15:27:42.282460,test02,0.244140625
2025-09-29 15:27:42.282460,test03,0.244140625
2025-09-29 15:27:42.282460,test04,0.048828125
2025-09-29 15:27:42.282460,test05,0.146484375
2025-09-29 15:27:42.282460,test06,0.0
2025-09-29 15:27:42.282460,test07,0.0
2025-09-29 15:27:57.852908,test01,0.244140625
2025-09-29 15:27:57.852908,test02,0.244140625
2025-09-29 15:27:57.852908,test03,0.244140625
2025-09-29 15:27:57.852908,test04,0.048828125
2025-09-29 15:27:57.852908,test05,0.146484375
2025-09-29 15:27:57.852908,test06,0.0
2025-09-29 15:27:57.852908,test07,0.0
2025-09-29 15:28:03.683559,test01,0.244140625
2025-09-29 15:28:03.683559,test02,0.244140625
2025-09-29 15:28:03.683559,test03,0.244140625
2025-09-29 15:28:03.683559,test04,0.048828125
2025-09-29 15:28:03.683559,test05,0.146484375
2025-09-29 15:28:03.683559,test06,0.0
2025-09-29 15:28:03.683559,test07,0.0
2025-09-29 15:28:12.281547,test01,0.244140625
2025-09-29 15:28:12.281547,test02,0.244140625
2025-09-29 15:28:12.281547,test03,0.244140625
2025-09-29 15:28:12.281547,test04,0.048828125
2025-09-29 15:28:12.281547,test05,0.146484375
2025-09-29 15:28:12.281547,test06,0.0
2025-09-29 15:28:12.281547,test07,0.0
2025-09-29 15:28:14.693626,test01,0.244140625
2025-09-29 15:28:14.693626,test02,0.244140625
2025-09-29 15:28:14.693626,test03,0.244140625
2025-09-29 15:28:14.693626,test04,0.048828125
2025-09-29 15:28:14.693626,test05,0.146484375
2025-09-29 15:28:14.693626,test06,0.0
2025-09-29 15:28:14.693626,test07,0.0
2025-09-29 15:28:18.939459,test01,0.244140625
2025-09-29 15:28:18.939459,test02,0.244140625
2025-09-29 15:28:18.939459,test03,0.244140625
2025-09-29 15:28:18.939459,test04,0.048828125
2025-09-29 15:28:18.939459,test05,0.146484375
2025-09-29 15:28:18.939459,test06,0.0
2025-09-29 15:28:18.939459,test07,0.0
2025-09-29 15:28:25.738090,test01,0.244140625
2025-09-29 15:28:25.738090,test02,0.244140625
2025-09-29 15:28:25.738090,test03,0.244140625
2025-09-29 15:28:25.738090,test04,0.048828125
2025-09-29 15:28:25.738090,test05,0.146484375
2025-09-29 15:28:25.738090,test06,0.0
2025-09-29 15:28:25.738090,test07,0.0
2025-09-29 15:28:42.289099,test01,0.244140625
2025-09-29 15:28:42.289099,test02,0.244140625
2025-09-29 15:28:42.289099,test03,0.244140625
2025-09-29 15:28:42.289099,test04,0.048828125
2025-09-29 15:28:42.289099,test05,0.146484375
2025-09-29 15:28:42.289099,test06,0.0
2025-09-29 15:28:42.289099,test07,0.0
2025-09-29 15:28:58.515798,test01,0.244140625
2025-09-29 15:28:58.515798,test02,0.244140625
2025-09-29 15:28:58.515798,test03,0.244140625
2025-09-29 15:28:58.515798,test04,0.048828125
2025-09-29 15:28:58.515798,test05,0.146484375
2025-09-29 15:28:58.515798,test06,0.0
2025-09-29 15:28:58.515798,test07,0.0
2025-09-29 15:29:07.624693,test01,0.244140625
2025-09-29 15:29:07.624693,test02,0.244140625
2025-09-29 15:29:07.624693,test03,0.244140625
2025-09-29 15:29:07.624693,test04,0.048828125
2025-09-29 15:29:07.624693,test05,0.146484375
2025-09-29 15:29:07.624693,test06,0.0
2025-09-29 15:29:07.624693,test07,0.0
2025-09-29 15:29:12.286489,test01,0.244140625
2025-09-29 15:29:12.286489,test02,0.244140625
2025-09-29 15:29:12.286489,test03,0.244140625
2025-09-29 15:29:12.286489,test04,0.048828125
2025-09-29 15:29:12.286489,test05,0.146484375
2025-09-29 15:29:12.286489,test06,0.0
2025-09-29 15:29:12.286489,test07,0.0
2025-09-29 15:29:27.525512,test01,0.244140625
2025-09-29 15:29:27.525512,test02,0.244140625
2025-09-29 15:29:27.525512,test03,0.244140625
2025-09-29 15:29:27.525512,test04,0.048828125
2025-09-29 15:29:27.525512,test05,0.146484375
2025-09-29 15:29:27.525512,test06,0.0
2025-09-29 15:29:27.525512,test07,0.0
2025-09-29 15:30:10.363466,test01,0.244140625
2025-09-29 15:30:10.363466,test02,0.244140625
2025-09-29 15:30:10.363466,test03,0.244140625
2025-09-29 15:30:10.363466,test04,0.048828125
2025-09-29 15:30:10.363466,test05,0.146484375
2025-09-29 15:30:10.363466,test06,0.0
2025-09-29 15:30:10.363466,test07,0.0
2025-09-29 15:30:40.365904,test01,0.244140625
2025-09-29 15:30:40.365904,test02,0.244140625
2025-09-29 15:30:40.365904,test03,0.244140625
2025-09-29 15:30:40.365904,test04,0.048828125
2025-09-29 15:30:40.365904,test05,0.146484375
2025-09-29 15:30:40.365904,test06,0.0
2025-09-29 15:30:40.365904,test07,0.0
2025-09-29 15:31:01.628218,test01,0.244140625
2025-09-29 15:31:01.628218,test02,0.244140625
2025-09-29 15:31:01.628218,test03,0.244140625
2025-09-29 15:31:01.628218,test04,0.048828125
2025-09-29 15:31:01.628218,test05,0.146484375
2025-09-29 15:31:01.628218,test06,0.0
2025-09-29 15:31:01.628218,test07,0.0
2025-09-29 15:31:13.345794,test01,0.244140625
2025-09-29 15:31:13.345794,test02,0.244140625
2025-09-29 15:31:13.345794,test03,0.244140625
2025-09-29 15:31:13.345794,test04,0.048828125
2025-09-29 15:31:13.345794,test05,0.146484375
2025-09-29 15:31:13.345794,test06,0.0
2025-09-29 15:31:13.345794,test07,0.0
2025-09-29 15:31:27.622147,test01,0.244140625
2025-09-29 15:31:27.622147,test02,0.244140625
2025-09-29 15:31:27.622147,test03,0.244140625
2025-09-29 15:31:27.622147,test04,0.048828125
2025-09-29 15:31:27.622147,test05,0.146484375
2025-09-29 15:31:27.622147,test06,0.0
2025-09-29 15:31:27.622147,test07,0.0
2025-09-29 15:31:43.015584,test01,0.244140625
2025-09-29 15:31:43.015584,test02,0.244140625
2025-09-29 15:31:43.015584,test03,0.244140625
2025-09-29 15:31:43.015584,test04,0.048828125
2025-09-29 15:31:43.015584,test05,0.146484375
2025-09-29 15:31:43.015584,test06,0.0
2025-09-29 15:31:43.015584,test07,0.0
2025-09-29 15:31:49.008702,test01,0.244140625
2025-09-29 15:31:49.008702,test02,0.244140625
2025-09-29 15:31:49.008702,test03,0.244140625
2025-09-29 15:31:49.008702,test04,0.048828125
2025-09-29 15:31:49.008702,test05,0.146484375
2025-09-29 15:31:49.008702,test06,0.0
2025-09-29 15:31:49.008702,test07,0.0
2025-09-29 15:32:01.589091,test01,0.244140625
2025-09-29 15:32:01.589091,test02,0.244140625
2025-09-29 15:32:01.589091,test03,0.244140625
2025-09-29 15:32:01.589091,test04,0.048828125
2025-09-29 15:32:01.589091,test05,0.146484375
2025-09-29 15:32:01.589091,test06,0.0
2025-09-29 15:32:01.589091,test07,0.0
2025-09-29 15:32:07.510192,test01,0.244140625
2025-09-29 15:32:07.510192,test02,0.244140625
2025-09-29 15:32:07.510192,test03,0.244140625
2025-09-29 15:32:07.510192,test04,0.048828125
2025-09-29 15:32:07.510192,test05,0.146484375
2025-09-29 15:32:07.510192,test06,0.0
2025-09-29 15:32:07.510192,test07,0.0
2025-09-29 15:32:14.418151,test01,0.244140625
2025-09-29 15:32:14.418151,test02,0.244140625
2025-09-29 15:32:14.418151,test03,0.244140625
2025-09-29 15:32:14.418151,test04,0.048828125
2025-09-29 15:32:14.418151,test05,0.146484375
2025-09-29 15:32:14.418151,test06,0.0
2025-09-29 15:32:14.418151,test07,0.0
2025-09-29 15:32:44.404353,test01,0.244140625
2025-09-29 15:32:44.404353,test02,0.244140625
2025-09-29 15:32:44.404353,test03,0.244140625
2025-09-29 15:32:44.404353,test04,0.048828125
2025-09-29 15:32:44.404353,test05,0.146484375
2025-09-29 15:32:44.404353,test06,0.0
2025-09-29 15:32:44.404353,test07,0.0
2025-09-29 15:33:14.412052,test01,0.244140625
2025-09-29 15:33:14.412052,test02,0.244140625
2025-09-29 15:33:14.412052,test03,0.244140625
2025-09-29 15:33:14.412052,test04,0.048828125
2025-09-29 15:33:14.412052,test05,0.244140625
2025-09-29 15:33:14.412052,test06,0.0
2025-09-29 15:33:14.412052,test07,0.0
2025-09-29 15:33:20.900808,test01,0.244140625
2025-09-29 15:33:20.900808,test02,0.244140625
2025-09-29 15:33:20.900808,test03,0.244140625
2025-09-29 15:33:20.900808,test04,0.048828125
2025-09-29 15:33:20.900808,test05,0.244140625
2025-09-29 15:33:20.900808,test06,0.0
2025-09-29 15:33:20.900808,test07,0.0
2025-09-29 15:33:39.819245,test01,0.244140625
2025-09-29 15:33:39.819245,test02,0.244140625
2025-09-29 15:33:39.819245,test03,0.244140625
2025-09-29 15:33:39.819245,test04,0.048828125
2025-09-29 15:33:39.819245,test05,0.341796875
2025-09-29 15:33:39.819245,test06,0.0
2025-09-29 15:33:39.819245,test07,0.0
2025-09-29 15:33:48.503658,test01,0.244140625
2025-09-29 15:33:48.503658,test02,0.244140625
2025-09-29 15:33:48.503658,test03,0.244140625
2025-09-29 15:33:48.503658,test04,0.048828125
2025-09-29 15:33:48.503658,test05,0.341796875
2025-09-29 15:33:48.503658,test06,0.0
2025-09-29 15:33:48.503658,test07,0.0
2025-09-29 15:34:07.633011,test01,0.244140625
2025-09-29 15:34:07.633011,test02,0.244140625
2025-09-29 15:34:07.633011,test03,0.244140625
2025-09-29 15:34:07.633011,test04,0.048828125
2025-09-29 15:34:07.633011,test05,0.390625
2025-09-29 15:34:07.633011,test06,0.0
2025-09-29 15:34:07.633011,test07,0.0
2025-09-29 15:34:24.199188,test01,0.244140625
2025-09-29 15:34:24.199188,test02,0.244140625
2025-09-29 15:34:24.199188,test03,0.244140625
2025-09-29 15:34:24.199188,test04,0.048828125
2025-09-29 15:34:24.199188,test05,0.390625
2025-09-29 15:34:24.199188,test06,0.0
2025-09-29 15:34:24.199188,test07,0.0
2025-09-29 15:34:55.318469,test01,0.244140625
2025-09-29 15:34:55.318469,test02,0.244140625
2025-09-29 15:34:55.318469,test03,0.244140625
2025-09-29 15:34:55.318469,test04,0.048828125
2025-09-29 15:34:55.318469,test05,0.390625
2025-09-29 15:34:55.318469,test06,0.0
2025-09-29 15:34:55.318469,test07,0.0
2025-09-29 15:35:25.333154,test01,0.244140625
2025-09-29 15:35:25.333154,test02,0.244140625
2025-09-29 15:35:25.333154,test03,0.244140625
2025-09-29 15:35:25.333154,test04,0.048828125
2025-09-29 15:35:25.333154,test05,0.390625
2025-09-29 15:35:25.333154,test06,0.0
2025-09-29 15:35:25.333154,test07,0.0
2025-09-29 15:35:55.315276,test01,0.244140625
2025-09-29 15:35:55.315276,test02,0.244140625
2025-09-29 15:35:55.315276,test03,0.244140625
2025-09-29 15:35:55.315276,test04,0.048828125
2025-09-29 15:35:55.315276,test05,0.390625
2025-09-29 15:35:55.315276,test06,0.0
2025-09-29 15:35:55.315276,test07,0.0
2025-09-29 15:36:25.329866,test01,0.244140625
2025-09-29 15:36:25.329866,test02,0.244140625
2025-09-29 15:36:25.329866,test03,0.244140625
2025-09-29 15:36:25.329866,test04,0.048828125
2025-09-29 15:36:25.329866,test05,0.390625
2025-09-29 15:36:25.329866,test06,0.0
2025-09-29 15:36:25.329866,test07,0.0
2025-09-29 15:36:55.319549,test01,0.244140625
2025-09-29 15:36:55.319549,test02,0.244140625
2025-09-29 15:36:55.319549,test03,0.244140625
2025-09-29 15:36:55.319549,test04,0.048828125
2025-09-29 15:36:55.319549,test05,0.390625
2025-09-29 15:36:55.319549,test06,0.0
2025-09-29 15:36:55.319549,test07,0.0
2025-09-29 15:37:25.366552,test01,0.244140625
2025-09-29 15:37:25.366552,test02,0.244140625
2025-09-29 15:37:25.366552,test03,0.244140625
2025-09-29 15:37:25.366552,test04,0.048828125
2025-09-29 15:37:25.366552,test05,0.390625
2025-09-29 15:37:25.366552,test06,0.0
2025-09-29 15:37:25.366552,test07,0.0
2025-09-29 15:37:25.366552,test08,0.0
2025-09-29 15:37:56.156929,test01,0.244140625
2025-09-29 15:37:56.156929,test02,0.244140625
2025-09-29 15:37:56.156929,test03,0.244140625
2025-09-29 15:37:56.156929,test04,0.048828125
2025-09-29 15:37:56.156929,test05,0.390625
2025-09-29 15:37:56.156929,test06,0.0
2025-09-29 15:37:56.156929,test07,0.0
2025-09-29 15:37:56.156929,test08,0.0
2025-09-29 15:38:25.360984,test01,0.244140625
2025-09-29 15:38:25.360984,test02,0.244140625
2025-09-29 15:38:25.360984,test03,0.29296875
2025-09-29 15:38:25.360984,test04,0.048828125
2025-09-29 15:38:25.360984,test05,0.390625
2025-09-29 15:38:25.360984,test06,0.0
2025-09-29 15:38:25.360984,test07,0.0
2025-09-29 15:38:25.360984,test08,0.0
2025-09-29 15:38:52.678267,test01,0.244140625
2025-09-29 15:38:52.678267,test02,0.244140625
2025-09-29 15:38:52.678267,test03,0.390625
2025-09-29 15:38:52.678267,test04,0.048828125
2025-09-29 15:38:52.678267,test05,0.390625
2025-09-29 15:38:52.678267,test06,0.0
2025-09-29 15:38:52.678267,test07,0.0
2025-09-29 15:38:52.678267,test08,0.0
2025-09-29 15:38:55.589387,test01,0.244140625
2025-09-29 15:38:55.589387,test02,0.244140625
2025-09-29 15:38:55.589387,test03,0.390625
2025-09-29 15:38:55.589387,test04,0.048828125
2025-09-29 15:38:55.589387,test05,0.390625
2025-09-29 15:38:55.589387,test06,0.0
2025-09-29 15:38:55.589387,test07,0.0
2025-09-29 15:38:55.589387,test08,0.0
2025-09-29 15:38:58.106227,test01,0.244140625
2025-09-29 15:38:58.106227,test02,0.244140625
2025-09-29 15:38:58.106227,test03,0.439453125
2025-09-29 15:38:58.106227,test04,0.048828125
2025-09-29 15:38:58.106227,test05,0.390625
2025-09-29 15:38:58.106227,test06,0.0
2025-09-29 15:38:58.106227,test07,0.0
2025-09-29 15:38:58.106227,test08,0.0
2025-09-29 15:39:06.344122,test01,0.244140625
2025-09-29 15:39:06.344122,test02,0.244140625
2025-09-29 15:39:06.344122,test03,0.439453125
2025-09-29 15:39:06.344122,test04,0.048828125
2025-09-29 15:39:06.344122,test05,0.390625
2025-09-29 15:39:06.344122,test06,0.0
2025-09-29 15:39:06.344122,test07,0.0
2025-09-29 15:39:06.344122,test08,0.0
2025-09-29 15:39:19.887730,test01,0.244140625
2025-09-29 15:39:19.887730,test02,0.244140625
2025-09-29 15:39:19.887730,test03,0.48828125
2025-09-29 15:39:19.887730,test04,0.048828125
2025-09-29 15:39:19.887730,test05,0.390625
2025-09-29 15:39:19.887730,test06,0.0
2025-09-29 15:39:19.887730,test07,0.0
2025-09-29 15:39:19.887730,test08,0.0
2025-09-29 15:39:50.179115,test01,0.244140625
2025-09-29 15:39:50.179115,test02,0.244140625
2025-09-29 15:39:50.179115,test03,0.48828125
2025-09-29 15:39:50.179115,test04,0.048828125
2025-09-29 15:39:50.179115,test05,0.390625
2025-09-29 15:39:50.179115,test06,0.0
2025-09-29 15:39:50.179115,test07,0.0
2025-09-29 15:39:50.179115,test08,0.0
2025-09-29 15:39:57.402043,test01,0.244140625
2025-09-29 15:39:57.402043,test02,0.244140625
2025-09-29 15:39:57.402043,test03,0.48828125
2025-09-29 15:39:57.402043,test04,0.048828125
2025-09-29 15:39:57.402043,test05,0.390625
2025-09-29 15:39:57.402043,test06,0.0
2025-09-29 15:39:57.402043,test07,0.0
2025-09-29 15:39:57.402043,test08,0.0
2025-09-29 15:40:28.214688,test01,0.244140625
2025-09-29 15:40:28.214688,test02,0.244140625
2025-09-29 15:40:28.214688,test03,0.48828125
2025-09-29 15:40:28.214688,test04,0.048828125
2025-09-29 15:40:28.214688,test05,0.390625
2025-09-29 15:40:28.214688,test06,0.0
2025-09-29 15:40:28.214688,test07,0.0
2025-09-29 15:40:28.214688,test08,0.0
2025-09-29 15:41:06.594088,test01,0.244140625
2025-09-29 15:41:06.594088,test02,0.244140625
2025-09-29 15:41:06.594088,test03,0.48828125
2025-09-29 15:41:06.594088,test04,0.048828125
2025-09-29 15:41:06.594088,test05,0.390625
2025-09-29 15:41:06.594088,test06,0.0
2025-09-29 15:41:06.594088,test07,0.0
2025-09-29 15:41:06.594088,test08,0.0
2025-09-29 15:41:12.152541,test01,0.244140625
2025-09-29 15:41:12.152541,test02,0.244140625
2025-09-29 15:41:12.152541,test03,0.48828125
2025-09-29 15:41:12.152541,test04,0.048828125
2025-09-29 15:41:12.152541,test05,0.390625
2025-09-29 15:41:12.152541,test06,0.0
2025-09-29 15:41:12.152541,test07,0.0
2025-09-29 15:41:12.152541,test08,0.0
2025-09-29 15:41:38.181940,test01,0.244140625
2025-09-29 15:41:38.181940,test02,0.244140625
2025-09-29 15:41:38.181940,test03,0.48828125
2025-09-29 15:41:38.181940,test04,0.048828125
2025-09-29 15:41:38.181940,test05,0.390625
2025-09-29 15:41:38.181940,test06,0.0
2025-09-29 15:41:38.181940,test07,0.0
2025-09-29 15:41:38.181940,test08,0.0
2025-09-29 15:42:08.192325,test01,0.244140625
2025-09-29 15:42:08.192325,test02,0.244140625
2025-09-29 15:42:08.192325,test03,0.48828125
2025-09-29 15:42:08.192325,test04,0.048828125
2025-09-29 15:42:08.192325,test05,0.390625
2025-09-29 15:42:08.192325,test06,0.0
2025-09-29 15:42:08.192325,test07,0.0
2025-09-29 15:42:08.192325,test08,0.0
2025-09-29 15:42:38.226925,test01,0.244140625
2025-09-29 15:42:38.226925,test02,0.244140625
2025-09-29 15:42:38.226925,test03,0.48828125
2025-09-29 15:42:38.226925,test04,0.048828125
2025-09-29 15:42:38.226925,test05,0.390625
2025-09-29 15:42:38.226925,test06,0.0
2025-09-29 15:42:38.226925,test07,0.0
2025-09-29 15:42:38.226925,test08,0.0
2025-09-29 15:43:08.194378,test01,0.244140625
2025-09-29 15:43:08.194378,test02,0.244140625
2025-09-29 15:43:08.194378,test03,0.48828125
2025-09-29 15:43:08.194378,test04,0.048828125
2025-09-29 15:43:08.194378,test05,0.390625
2025-09-29 15:43:08.194378,test06,0.0
2025-09-29 15:43:08.194378,test07,0.0
2025-09-29 15:43:08.194378,test08,0.0
2025-09-29 15:43:15.145268,test01,0.244140625
2025-09-29 15:43:15.145268,test02,0.244140625
2025-09-29 15:43:15.145268,test03,0.48828125
2025-09-29 15:43:15.145268,test04,0.048828125
2025-09-29 15:43:15.145268,test05,0.390625
2025-09-29 15:43:15.145268,test06,0.0
2025-09-29 15:43:15.145268,test07,0.0
2025-09-29 15:43:15.145268,test08,0.0
2025-09-29 15:43:21.542773,test01,0.244140625
2025-09-29 15:43:21.542773,test02,0.244140625
2025-09-29 15:43:21.542773,test03,0.48828125
2025-09-29 15:43:21.542773,test04,0.048828125
2025-09-29 15:43:21.542773,test05,0.390625
2025-09-29 15:43:21.542773,test06,0.0
2025-09-29 15:43:21.542773,test07,0.0
2025-09-29 15:43:21.542773,test08,0.0
2025-09-29 15:43:53.227180,test01,0.244140625
2025-09-29 15:43:53.227180,test02,0.244140625
2025-09-29 15:43:53.227180,test03,0.48828125
2025-09-29 15:43:53.227180,test04,0.048828125
2025-09-29 15:43:53.227180,test05,0.390625
2025-09-29 15:43:53.227180,test06,0.0
2025-09-29 15:43:53.227180,test07,0.0
2025-09-29 15:43:53.227180,test08,0.0
2025-09-29 15:44:23.201043,test01,0.244140625
2025-09-29 15:44:23.201043,test02,0.244140625
2025-09-29 15:44:23.201043,test03,0.48828125
2025-09-29 15:44:23.201043,test04,0.048828125
2025-09-29 15:44:23.201043,test05,0.390625
2025-09-29 15:44:23.201043,test06,0.0
2025-09-29 15:44:23.201043,test07,0.0
2025-09-29 15:44:23.201043,test08,0.0
2025-09-29 15:44:53.184400,test01,0.244140625
2025-09-29 15:44:53.184400,test02,0.244140625
2025-09-29 15:44:53.184400,test03,0.48828125
2025-09-29 15:44:53.184400,test04,0.048828125
2025-09-29 15:44:53.184400,test05,0.390625
2025-09-29 15:44:53.184400,test06,0.0
2025-09-29 15:44:53.184400,test07,0.0
2025-09-29 15:44:53.184400,test08,0.0
